id;slug;title;meta_title;meta_description;excerpt;content_html;cover_image_url;author_name;category;tags;focus_keyword;faq_items;related_post_slugs;alternate_en_slug;status;published_at;created_at;updated_at
d9633379-0057-4ce3-92ee-164916239953;pickleball-la-gi;Pickleball là gì? Hướng dẫn A-Z cho người mới 2026;Pickleball là gì? Hướng dẫn A-Z 2026 | ThePickleHub;Pickleball là gì? Tìm hiểu luật chơi, cách bắt đầu, sân chơi tại Việt Nam và cộng đồng pickleball Việt 2026 — hướng dẫn đầy đủ từ ThePickleHub.;Pickleball là môn thể thao kết hợp tennis, cầu lông và bóng bàn — đang bùng nổ tại Việt Nam 2026. Tìm hiểu luật chơi, cách bắt đầu chỉ trong 5 phút, và cộng đồng pickleball Việt sôi động.;"<p>Bạn đã nghe nói về pickleball — môn thể thao đang khiến cả Hà Nội, TP.HCM và Đà Nẵng ""phát sốt""? Bạn thấy bạn bè, đồng nghiệp, thậm chí cả người thân lớn tuổi rủ nhau ra sân vào mỗi sáng cuối tuần? Bạn tò mò pickleball thực sự là gì, có khó chơi không, và liệu nó có phù hợp với mình không?</p>

<p>Câu trả lời ngắn gọn: pickleball là môn thể thao kết hợp giữa cầu lông, tennis và bóng bàn — với luật chơi đơn giản đến mức ai cũng có thể bắt đầu trong 30 phút, nhưng có chiều sâu chiến thuật đủ để bạn luyện tập cả đời. Và quan trọng nhất: ở Việt Nam năm 2026, pickleball không còn là xu hướng — nó đã trở thành <strong>phong trào thể thao đại chúng</strong> lớn nhất mà chúng ta từng chứng kiến.</p>

<p>Bài viết này sẽ giúp bạn hiểu pickleball từ A đến Z, với góc nhìn từ chính cộng đồng pickleball Việt Nam — từ luật chơi cơ bản, cách bắt đầu, đến tình hình giải đấu trong nước và quốc tế năm 2026.</p>

<h2>Pickleball là gì? Định nghĩa đơn giản nhất</h2>

<p><strong>Pickleball</strong> là một môn thể thao dùng vợt, chơi trên sân có kích thước tương tự sân cầu lông đôi (6,1m × 13,4m), với một tấm lưới ngang chia sân làm hai. Người chơi dùng vợt mặt phẳng (paddle) đánh một quả bóng nhựa có lỗ qua lưới — tương tự cách chơi tennis, nhưng với tốc độ chậm hơn và kỹ thuật dễ tiếp cận hơn nhiều.</p>

<p>Có thể chơi pickleball ở hai hình thức:</p>
<ul>
  <li><strong>Đánh đơn (Singles)</strong>: 1 người mỗi bên — vận động nhiều, đòi hỏi thể lực</li>
  <li><strong>Đánh đôi (Doubles)</strong>: 2 người mỗi bên — phổ biến hơn, mang tính cộng đồng</li>
</ul>

<p>Trong cộng đồng pickleball Việt Nam, hơn 90% người chơi chọn đánh đôi vì tính giao lưu cao, ít mệt hơn, và phù hợp với mọi lứa tuổi từ trẻ em đến người trên 60.</p>

<p>Điều khiến pickleball khác biệt so với các môn vợt khác là sự kết hợp độc đáo: <strong>đơn giản như cầu lông</strong>, <strong>chiến thuật như tennis</strong>, và <strong>phản xạ như bóng bàn</strong>. Bạn có thể bắt đầu chơi sau 30 phút hướng dẫn, nhưng để chơi giỏi cần nhiều năm rèn luyện.</p>

<h2>Lịch sử thú vị của pickleball — Từ sân sau nhà đến giải đấu thế giới</h2>

<p>Câu chuyện về pickleball bắt đầu vào năm 1965 tại đảo Bainbridge, bang Washington, Mỹ. Ba người đàn ông — Joel Pritchard, Bill Bell và Barney McCallum — đang nghỉ cuối tuần cùng gia đình thì các con của họ kêu chán vì không có gì để chơi.</p>

<p>Thay vì để tụi trẻ ngồi không, ba người này đã sáng tạo ra một trò chơi mới ngay trên sân cầu lông cũ trong vườn. Họ hạ lưới xuống, dùng vợt bóng bàn cũ, và một quả bóng wiffle (bóng nhựa có lỗ). Trò chơi đơn giản nhưng vui đến mức cả nhà cùng chơi suốt ngày hôm đó.</p>

<p>Về cái tên ""pickleball"", có hai giả thuyết. Phổ biến nhất là câu chuyện về con chó Pickle của gia đình Pritchard — nó hay chạy theo bóng và ngậm bóng đi mất. Vì vậy, mọi người gọi đùa là ""Pickle's ball"" (bóng của Pickle), rồi rút gọn thành ""pickleball"". Giả thuyết khác cho rằng cái tên xuất phát từ ""pickle boat"" — thuật ngữ chèo thuyền chỉ đội ghép từ những vận động viên còn lại.</p>

<p>Từ một trò chơi gia đình, pickleball lan rộng khắp nước Mỹ. Năm 1976 có giải đấu chính thức đầu tiên. Năm 1984, Hiệp hội Pickleball Hoa Kỳ (USAPA) ra đời. Và đến năm 2025, theo thống kê của Sports &amp; Fitness Industry Association, pickleball đã trở thành môn thể thao có tốc độ phát triển nhanh nhất ở Mỹ trong <strong>5 năm liên tiếp</strong>, với hơn 36 triệu người chơi.</p>

<p>Tại Việt Nam, pickleball mới thực sự ""bùng nổ"" từ cuối năm 2023 đến nay — chỉ trong khoảng 2 năm, từ vài trăm người chơi đã lên đến hàng trăm nghìn người, với hệ thống sân chơi mở mới hàng tuần ở các thành phố lớn.</p>

<h2>Vì sao pickleball ""gây sốt"" tại Việt Nam năm 2026?</h2>

<h3>Sự bùng nổ chưa từng có</h3>

<p>Năm 2026 chứng kiến những con số ấn tượng về pickleball Việt Nam mà không môn thể thao nào sánh bằng:</p>

<ul>
  <li><strong>Hơn 7.000 vận động viên</strong> tham gia giải STour Pickleball Vietnam Masters 2026 — giải đấu lớn nhất trong nước</li>
  <li><strong>Hàng trăm sân pickleball mới</strong> mở tại Hà Nội, TP.HCM, Đà Nẵng, Hải Phòng, Vũng Tàu</li>
  <li><strong>PPA Tour Asia</strong> — giải đấu chuyên nghiệp danh giá nhất châu Á — chọn Việt Nam làm điểm đến chính, với MB Hanoi Cup tổ chức tại Nhà thi đấu Mỹ Đình tháng 4/2026</li>
  <li><strong>World Cup Pickleball 2026</strong> lần đầu tiên đến châu Á, được tổ chức tại Đà Nẵng từ 30/8 đến 6/9</li>
</ul>

<p>Đây là những con số cho thấy pickleball không còn là phong trào nhỏ — nó đã trở thành môn thể thao mainstream ở Việt Nam.</p>

<h3>Phù hợp với mọi lứa tuổi</h3>

<p>Một trong những lý do khiến pickleball lan tỏa nhanh là tính phổ quát của nó. Bạn có thể thấy trên sân:</p>

<ul>
  <li>Trẻ em 8-12 tuổi học chơi cùng cha mẹ</li>
  <li>Người trẻ 20-30 tuổi tìm môn thể thao thay thế tennis (vốn cần đầu tư nhiều)</li>
  <li>Người trung niên 40-55 tuổi muốn vận động mà không hại đầu gối</li>
  <li>Người cao tuổi 60+ tìm hoạt động giao lưu, giữ sức khỏe</li>
</ul>

<p>Sân pickleball nhỏ hơn sân tennis (chỉ bằng sân cầu lông đôi), nên di chuyển ít hơn. Bóng bay chậm hơn, ít gây áp lực lên cổ tay và vai. Luật đơn giản, không cần kinh nghiệm thể thao trước đó.</p>

<h3>Cộng đồng đang lớn mạnh</h3>

<p>Pickleball không chỉ là môn thể thao — nó là một <strong>cộng đồng</strong>. Trên Facebook, các group pickleball Việt Nam có hàng chục nghìn thành viên, hoạt động sôi nổi mỗi ngày. Người chơi tìm bạn cùng sân, chia sẻ video, review vợt, tổ chức giao lưu liên tỉnh.</p>

<p>Tại ThePickleHub, chúng tôi xây dựng <a href=""https://www.thepicklehub.net/vi/forum"">diễn đàn pickleball Việt Nam</a> để cộng đồng có nơi thảo luận chuyên sâu hơn — về kỹ thuật, thiết bị, giải đấu, và mọi điều liên quan đến môn thể thao này.</p>

<h2>Luật chơi pickleball cơ bản — Hiểu trong 5 phút</h2>

<p>Pickleball có luật chơi đơn giản đến bất ngờ. Nếu bạn dành 5 phút đọc phần này, bạn sẽ đủ kiến thức để ra sân chơi ngay.</p>

<h3>Sân chơi và trang thiết bị</h3>

<p>Sân pickleball tiêu chuẩn có kích thước <strong>6,1m × 13,4m</strong> (20 × 44 feet) — bằng đúng sân cầu lông đôi. Lưới cao <strong>0,86m</strong> ở giữa và <strong>0,91m</strong> ở hai đầu cột.</p>

<p>Sân được chia làm các khu vực:</p>
<ul>
  <li><strong>Đường biên</strong>: Giới hạn ngoài của sân</li>
  <li><strong>Vạch giao bóng</strong>: Cách lưới khoảng 4,57m</li>
  <li><strong>Khu vực Non-Volley Zone (Kitchen)</strong>: Hình chữ nhật 2,13m × 6,1m sát lưới — đây là khu vực <strong>cấm đánh volley</strong> (đánh bóng khi bóng chưa chạm đất)</li>
</ul>

<p>Trang thiết bị tối thiểu:</p>
<ul>
  <li>1 cây vợt pickleball cho mỗi người (200-250 gram, làm từ carbon fiber hoặc fiberglass)</li>
  <li>1 quả bóng pickleball (bóng nhựa có lỗ, đường kính ~7,6cm)</li>
  <li>Giày thể thao có đế bám tốt</li>
  <li>Trang phục thoải mái</li>
</ul>

<h3>Cách giao bóng</h3>

<p>Trong pickleball, giao bóng có vài quy tắc đặc biệt khác với tennis:</p>

<ol>
  <li>Người giao đứng phía sau <strong>đường baseline</strong> (vạch cuối sân), bên phải sân</li>
  <li>Phải giao bóng <strong>dưới tay</strong> — không được giao trên đầu như tennis</li>
  <li>Bóng phải bay <strong>chéo qua sân</strong> đối phương</li>
  <li>Bóng phải qua khỏi khu vực Kitchen — không được rơi vào Non-Volley Zone của đối phương</li>
</ol>

<p>Nếu giao bóng tốt, trận đấu bắt đầu. Nếu giao hỏng (bóng ra ngoài, vào Kitchen, hoặc chạm lưới), bạn mất quyền giao.</p>

<h3>Quy tắc 2 lần nảy (Two-Bounce Rule)</h3>

<p>Đây là luật <strong>đặc trưng nhất</strong> của pickleball, và cũng là điều gây bối rối cho người mới:</p>

<ul>
  <li>Sau khi giao bóng, <strong>bên đỡ phải để bóng nảy 1 lần</strong> trên sân trước khi đánh trả</li>
  <li>Sau cú trả bóng, <strong>bên giao cũng phải để bóng nảy 1 lần</strong> trên sân trước khi đánh tiếp</li>
  <li>Sau 2 lần nảy này, người chơi mới được phép đánh volley (đánh bóng trên không)</li>
</ul>

<p>Quy tắc này giúp các pha bóng cân bằng hơn, tránh tình trạng bên giao bóng có lợi thế quá lớn ngay từ đầu pha.</p>

<h3>Khu vực ""Kitchen"" — Non-Volley Zone</h3>

<p>Khu vực Kitchen (Non-Volley Zone) là điểm độc đáo nhất của pickleball. Đây là vùng hình chữ nhật rộng 2,13m chạy dọc theo lưới ở mỗi bên sân.</p>

<p>Quy tắc về Kitchen:</p>
<ul>
  <li><strong>Không được đánh volley</strong> (đánh bóng khi bóng còn trên không) khi đang đứng trong khu vực này</li>
  <li>Bạn <strong>được phép bước vào</strong> Kitchen, miễn là bóng đã chạm đất</li>
  <li>Nếu bóng nảy trong Kitchen, bạn có thể vào đánh trả bình thường</li>
  <li>Đà người sau khi đánh không được rơi vào Kitchen — kể cả vợt, dụng cụ hay bất kỳ phần nào của cơ thể</li>
</ul>

<p>Vì sao có quy tắc này? Để tránh việc người chơi đứng sát lưới và ""đập chết"" bóng đối phương — làm trận đấu mất tính chiến thuật.</p>

<h3>Cách tính điểm</h3>

<p>Cách tính điểm pickleball có một điểm khá đặc biệt:</p>

<ul>
  <li><strong>Chỉ bên giao bóng</strong> mới được ghi điểm</li>
  <li>Trận đấu thường chơi đến <strong>11 điểm</strong>, đội nào đến trước và <strong>hơn ít nhất 2 điểm</strong> sẽ thắng (ví dụ 11-9, 12-10)</li>
  <li>Trong các giải đấu lớn, có thể chơi đến 15 hoặc 21 điểm</li>
</ul>

<p>Ở thi đấu đôi, cách đọc điểm hơi đặc biệt: <strong>(điểm bên giao) - (điểm bên đỡ) - (số thứ tự người giao)</strong>. Ví dụ: ""5-3-2"" nghĩa là bên giao có 5 điểm, bên đỡ có 3 điểm, và đây là người giao thứ 2 của đội.</p>

<p>Nếu bạn thấy việc tổ chức tính điểm trong giải đấu phức tạp, hãy thử <a href=""https://www.thepicklehub.net/tools/flex-tournament"">công cụ tạo bracket pickleball miễn phí</a> của ThePickleHub — chúng tôi giúp bạn quản lý điểm số tự động cho mọi loại giải đấu.</p>

<h2>Cần gì để bắt đầu chơi pickleball?</h2>

<p>Tin tốt: pickleball là một trong những môn thể thao <strong>rẻ nhất</strong> để bắt đầu. Với khoảng <strong>2-5 triệu đồng</strong> đầu tư ban đầu, bạn đã có đầy đủ trang thiết bị để chơi nhiều năm.</p>

<h3>Vợt pickleball</h3>

<p>Vợt pickleball (paddle) là khoản đầu tư quan trọng nhất. Có 3 phân khúc chính:</p>

<ul>
  <li><strong>Beginner (500.000 - 1.500.000đ)</strong>: Vợt fiberglass cơ bản, đủ tốt cho người mới. Các thương hiệu phổ biến tại VN: Kamito, PKV, Facolos</li>
  <li><strong>Mid-range (1.500.000 - 3.500.000đ)</strong>: Vợt carbon fiber, độ bền tốt, kiểm soát tốt hơn. Thương hiệu: Joola, Selkirk, CRBN</li>
  <li><strong>Pro (3.500.000đ trở lên)</strong>: Vợt thi đấu chuyên nghiệp, dùng trong các giải PPA Tour. Joola Pro IV/V, Selkirk Vanguard, CRBN TruFoam</li>
</ul>

<p>Cho người mới, không cần đầu tư vợt đắt tiền ngay. Một cây vợt 1 triệu đồng đã đủ để chơi tốt trong 1-2 năm đầu.</p>

<h3>Bóng pickleball</h3>

<p>Bóng pickleball có 2 loại:</p>
<ul>
  <li><strong>Bóng outdoor</strong>: Lỗ nhỏ hơn, nặng hơn, chịu được gió. Phổ biến nhất tại VN</li>
  <li><strong>Bóng indoor</strong>: Lỗ lớn hơn, nhẹ hơn, dùng cho sân trong nhà</li>
</ul>

<p>Giá khoảng 50.000 - 150.000đ/quả tùy thương hiệu. Một quả bóng tốt có thể dùng được 5-10 trận đấu.</p>

<h3>Trang phục và giày</h3>

<ul>
  <li><strong>Giày</strong>: Dùng giày tennis hoặc giày cầu lông là phù hợp. Tránh giày chạy bộ vì đế không đủ bám và dễ trơn trượt khi di chuyển ngang</li>
  <li><strong>Quần áo</strong>: Trang phục thể thao thoáng mát, co giãn tốt</li>
  <li><strong>Phụ kiện</strong> (không bắt buộc): Khăn lau mồ hôi, băng cổ tay, kính bảo vệ</li>
</ul>

<h3>Sân chơi</h3>

<p>Đây là phần dễ nhất ở Việt Nam năm 2026 — sân pickleball mọc lên khắp nơi:</p>

<ul>
  <li><strong>Hà Nội</strong>: Sân ở Mỹ Đình, Cầu Giấy, Tây Hồ, Long Biên — chi phí khoảng 100.000 - 200.000đ/giờ</li>
  <li><strong>TP.HCM</strong>: PickoLand Thảo Điền, Rudal Pickleball Center, Court One Club — 150.000 - 300.000đ/giờ</li>
  <li><strong>Đà Nẵng</strong>: Sân ở khu vực Sơn Trà, Hải Châu — đang phát triển nhanh</li>
</ul>

<p>Nhiều sân cho phép thuê vợt và bóng nếu bạn chưa có. Đây là cách rẻ nhất để thử pickleball trước khi quyết định đầu tư.</p>

<h2>Pickleball khác gì so với Tennis, Cầu lông và Bóng bàn?</h2>

<p>Đây là câu hỏi mà 90% người mới đều thắc mắc. So sánh nhanh:</p>

<table>
  <thead>
    <tr>
      <th>Yếu tố</th>
      <th>Pickleball</th>
      <th>Tennis</th>
      <th>Cầu lông</th>
      <th>Bóng bàn</th>
    </tr>
  </thead>
  <tbody>
    <tr>
      <td>Kích thước sân</td>
      <td>6,1 × 13,4m</td>
      <td>8,2 × 23,8m</td>
      <td>6,1 × 13,4m</td>
      <td>Bàn nhỏ</td>
    </tr>
    <tr>
      <td>Vợt</td>
      <td>Mặt phẳng cứng</td>
      <td>Có lưới</td>
      <td>Có lưới</td>
      <td>Mặt phẳng cao su</td>
    </tr>
    <tr>
      <td>Bóng</td>
      <td>Nhựa có lỗ</td>
      <td>Cao su có lông</td>
      <td>Cầu lông</td>
      <td>Bóng bàn</td>
    </tr>
    <tr>
      <td>Tốc độ bóng</td>
      <td>Trung bình</td>
      <td>Rất nhanh</td>
      <td>Nhanh</td>
      <td>Rất nhanh</td>
    </tr>
    <tr>
      <td>Độ khó học</td>
      <td><strong>Dễ nhất</strong></td>
      <td>Khó</td>
      <td>Trung bình</td>
      <td>Trung bình</td>
    </tr>
    <tr>
      <td>Thể lực yêu cầu</td>
      <td>Trung bình</td>
      <td>Cao</td>
      <td>Cao</td>
      <td>Trung bình</td>
    </tr>
    <tr>
      <td>Phù hợp người mới</td>
      <td><strong>Tốt nhất</strong></td>
      <td>Khó</td>
      <td>Trung bình</td>
      <td>Tốt</td>
    </tr>
  </tbody>
</table>

<p>Tóm lại, pickleball là môn <strong>dễ học nhất</strong> trong các môn vợt, nhưng vẫn có chiều sâu chiến thuật để chơi cả đời. Đó là lý do nó hấp dẫn cả người chưa từng chơi thể thao và VĐV chuyên nghiệp từ tennis chuyển sang.</p>

<h2>Lợi ích sức khỏe khi chơi pickleball</h2>

<p>Theo nhiều nghiên cứu, pickleball mang lại lợi ích toàn diện cho sức khỏe:</p>

<p><strong>Sức khỏe thể chất</strong>:</p>
<ul>
  <li>Đốt 400-600 calo/giờ chơi</li>
  <li>Tăng cường tim mạch, giảm nguy cơ tim mạch</li>
  <li>Cải thiện sự linh hoạt, thăng bằng, phản xạ</li>
  <li>Ít chấn thương hơn tennis vì sân nhỏ và bóng chậm hơn</li>
</ul>

<p><strong>Sức khỏe tinh thần</strong>:</p>
<ul>
  <li>Giảm căng thẳng, stress</li>
  <li>Tăng dopamine và serotonin (hormone hạnh phúc)</li>
  <li>Cải thiện giấc ngủ</li>
  <li>Theo nghiên cứu của University of Western Ontario, người chơi pickleball có mức độ trầm cảm thấp hơn 60% so với người không chơi thể thao</li>
</ul>

<p><strong>Sức khỏe xã hội</strong>:</p>
<ul>
  <li>Mở rộng mối quan hệ</li>
  <li>Tăng cảm giác thuộc về cộng đồng</li>
  <li>Đặc biệt quan trọng với người trên 50 tuổi</li>
</ul>

<h2>Pickleball tại Việt Nam — Bức tranh 2026</h2>

<h3>PPA Tour Asia và sân khấu quốc tế</h3>

<p>PPA Tour (Professional Pickleball Association) là giải đấu pickleball chuyên nghiệp lớn nhất thế giới, có nguồn gốc từ Mỹ. Năm 2024, PPA mở rộng sang châu Á với tên <strong>PPA Tour Asia</strong>, và Việt Nam trở thành điểm đến chiến lược.</p>

<p>Năm 2026 đánh dấu cột mốc lớn:</p>
<ul>
  <li><strong>MB Hanoi Cup</strong>: Giải PPA Tour Asia đầu tiên năm 2026, tổ chức tại Nhà thi đấu Mỹ Đình từ 1-5/4, thu hút gần 800 VĐV trong đó có nhiều ngôi sao thế giới như Anna Leigh Waters, Ben Johns</li>
  <li><strong>World Cup Pickleball 2026</strong>: Lần đầu tiên giải vô địch thế giới được tổ chức tại châu Á, chọn Đà Nẵng làm chủ nhà từ 30/8 đến 6/9</li>
</ul>

<p>TA Pickleball - 1 phần của hệ sinh thái ThePickleHub là đối tác địa phương của PPA Tour Asia thông qua Newsport, mang đến cho bạn cập nhật trực tiếp từ các giải đấu này. Theo dõi <a href=""https://www.thepicklehub.net/vi/livestream"">livestream pickleball</a> để xem các trận đấu trực tiếp.</p>

<h3>VĐV pickleball Việt Nam nổi bật</h3>

<p>Việt Nam đã có những tên tuổi pickleball nổi bật trên trường quốc tế:</p>

<ul>
  <li><strong>Quang Duong</strong>: VĐV Việt kiều, hiện là pro player ký hợp đồng với PPA Tour, nằm trong top 10 thế giới hạng đôi nam, top 5 thế giới đơn nam. Sinh năm 2007, từng vô địch nhiều giải trẻ trước khi chuyển sang pickleball chuyên nghiệp</li>
  <li><strong>Truong Quang Vu</strong>: Vô địch World Pickleball Championship 2023 hạng đơn nam 35+</li>
  <li>Nhiều tài năng trẻ khác đang nổi lên qua hệ thống giải đấu trong nước như Trịnh Linh Giang, Trương Vinh Hiển, Lý Hoàng Nam, Hồ Vũ Hoàn....</li>
</ul>

<h3>Sân chơi pickleball ở Việt Nam</h3>

<p>Sân pickleball ở Việt Nam đang phát triển với tốc độ chóng mặt. Một số địa điểm nổi bật:</p>

<ul>
  <li><strong>Hà Nội</strong>: PB Academy, sân Mỹ Đình, sân Tây Hồ, sân Long Biên</li>
  <li><strong>TP.HCM</strong>: PickoLand Thảo Điền, Matchup Complex, Rudal Pickleball Center, Tana Sports Complex</li>
  <li><strong>Đà Nẵng</strong>: Các sân đang được xây dựng để phục vụ World Cup 2026</li>
  <li><strong>Hải Phòng, Vũng Tàu, Đà Lạt</strong>: Sân mới mở liên tục</li>
</ul>

<p>ThePickleHub đang xây dựng danh sách chi tiết các sân pickleball trên toàn quốc — sẽ sớm ra mắt trong vài tuần tới.</p>

<h3>Giải đấu trong nước</h3>

<p>Năm 2026 có rất nhiều giải đấu pickleball ở Việt Nam:</p>

<ul>
  <li><strong>STour Pickleball Vietnam Masters 2026</strong>: 7000 VĐV, 10 tỷ VNĐ tiền thưởng, tổ chức từ tháng 6-8 trên cả 3 miền</li>
  <li><strong>Vietnam Cup</strong>: Đã được Guinness World Records công nhận là giải pickleball có nhiều khán giả trực tiếp nhất thế giới năm 2025</li>
  <li><strong>Nhiều giải địa phương</strong> tổ chức hàng tuần ở các thành phố lớn</li>
</ul>

<p>Theo dõi <a href=""https://www.thepicklehub.net/vi/tournaments"">danh sách giải đấu pickleball</a> để cập nhật lịch thi đấu mới nhất.</p>

<h2>Bắt đầu chơi pickleball trong 7 ngày — Lộ trình cho người mới</h2>

<p>Nếu bạn muốn bắt đầu chơi pickleball ngay tuần này, đây là lộ trình thực tế:</p>

<p><strong>Ngày 1-2: Tìm hiểu</strong></p>
<ul>
  <li>Đọc bài này và xem 2-3 video YouTube về luật cơ bản</li>
  <li>Xem livestream pickleball để cảm nhận cách trận đấu diễn ra</li>
</ul>

<p><strong>Ngày 3: Tìm sân và bạn chơi</strong></p>
<ul>
  <li>Tham gia <a href=""https://www.thepicklehub.net/vi/forum"">diễn đàn ThePickleHub</a> tìm bạn chơi cùng trình độ</li>
  <li>Đặt sân cho buổi chơi đầu tiên (nhiều sân cho thuê vợt)</li>
</ul>

<p><strong>Ngày 4-5: Buổi chơi đầu tiên</strong></p>
<ul>
  <li>Đến sân sớm 15 phút để làm quen</li>
  <li>Chơi 1-2 trận với người mới khác (không quá khắt khe về kỹ thuật)</li>
  <li>Tập trung vào việc ĐÁNH ĐÚNG hơn là ĐÁNH MẠNH</li>
</ul>

<p><strong>Ngày 6: Tự đánh giá</strong></p>
<ul>
  <li>Bạn thấy thế nào? Có vui không?</li>
  <li>Có muốn đầu tư vợt riêng không?</li>
</ul>

<p><strong>Ngày 7: Quyết định bước tiếp theo</strong></p>
<ul>
  <li>Nếu thích → mua vợt, đặt lịch chơi định kỳ</li>
  <li>Tham gia 1 lớp học pickleball cơ bản (nhiều sân tổ chức lớp 4-8 buổi cho người mới)</li>
</ul>

<p>Trong vòng 4-6 tuần đầu, bạn sẽ tự tin hơn rõ rệt và bắt đầu hiểu được chiến thuật cơ bản.</p>

<h2>Sẵn sàng bắt đầu hành trình pickleball?</h2>

<p>Pickleball không chỉ là một môn thể thao — nó là cánh cửa mở ra một cộng đồng năng động, một lối sống lành mạnh, và một niềm vui mà bạn sẽ không tìm thấy ở đâu khác. Năm 2026 là thời điểm tuyệt vời để bắt đầu, khi pickleball Việt Nam đang trên đà phát triển mạnh nhất.</p>

<p>ThePickleHub là cộng đồng pickleball Việt Nam hàng đầu, nơi bạn có thể:</p>

<ul>
  <li>📺 <a href=""https://www.thepicklehub.net/vi/livestream"">Xem livestream</a> các giải đấu pickleball trực tiếp</li>
  <li>🏆 <a href=""https://www.thepicklehub.net/vi/tournaments"">Theo dõi giải đấu</a> trong nước và PPA Tour Asia</li>
  <li>🛠️ <a href=""https://www.thepicklehub.net/vi/tools"">Tạo bracket</a> cho giải đấu của riêng bạn — miễn phí 100%</li>
  <li>💬 <a href=""https://www.thepicklehub.net/vi/forum"">Tham gia diễn đàn</a> thảo luận với cộng đồng pickleball Việt Nam</li>
  <li>📰 <a href=""https://www.thepicklehub.net/vi/news"">Đọc tin tức</a> pickleball mới nhất</li>
</ul>

<p><strong>Hành trình 1000 dặm bắt đầu từ một bước đi đầu tiên — và bước đầu tiên trong pickleball có thể là sáng mai, ngay tại sân gần nhà bạn.</strong></p>

<p>Hẹn gặp bạn trên sân pickleball!</p>";https://drive.google.com/file/d/1CX3PINEqU_XZGLz8dgxw5pObqVHq8_3t/view?usp=sharing;ThePickleHub;beginner;"[""pickleball"",""người mới"",""luật chơi"",""hướng dẫn"",""2026"",""cộng đồng pickleball""]";pickleball là gì;"[{""answer"":""A: Không. Hầu hết người mới có thể chơi được trận đầu tiên sau 30 phút hướng dẫn. Để chơi giỏi cần nhiều năm, nhưng để bắt đầu thì rất dễ.\n"",""question"":""Q: Pickleball có khó học không?""},{""answer"":""A: Rất phù hợp. Pickleball được thiết kế ban đầu cho cả gia đình chơi cùng nhau, và đặc biệt được người trung niên và cao tuổi yêu thích. Sân nhỏ, bóng chậm, ít chấn thương."",""question"":""Q: Pickleball có phù hợp với người trên 50 tuổi?""},{""answer"":""A: Khoảng 1-2 triệu đồng cho vợt cơ bản, 100.000đ cho 1-2 quả bóng, và phí thuê sân 100-300k/giờ. Tổng cộng dưới 3 triệu đồng là bạn đã có thể chơi được nhiều tháng."",""question"":""Q: Cần bao nhiêu tiền để bắt đầu chơi pickleball?""},{""answer"":""A: Có. Một giờ chơi pickleball đốt 400-600 calo. Kết hợp với chế độ ăn hợp lý, đây là môn thể thao hiệu quả cho việc giảm cân và duy trì vóc dáng."",""question"":""Q: Pickleball có giúp giảm cân không?""},{""answer"":""A: Có. Padel chơi trong sân kín có tường, bóng có thể bật vào tường. Pickleball chơi trên sân mở, không có tường. Hai môn hoàn toàn khác nhau dù trông có vẻ giống."",""question"":""Q: Pickleball có khác Padel không?""}]";;;published;2026-04-07 12:17:34.229+00;2026-04-07 12:17:35.221665+00;2026-04-07 12:46:25.798246+00
fe7dfdb0-e395-44c0-9142-424182d7d88a;top-san-pickleball-ha-noi-2026;Top sân Pickleball Hà Nội 2026 — Đầy đủ theo quận, giá và đánh giá;Top Sân Pickleball Hà Nội 2026 — Theo Quận | ThePickleHub;Danh sách 30+ sân pickleball Hà Nội 2026 cập nhật theo quận: địa chỉ mới, giá thuê, giờ mở cửa và đánh giá thực tế từ cộng đồng pickleball Việt.;Khám phá 30+ sân pickleball Hà Nội 2026 đầy đủ theo quận: Cầu Giấy, Hoàng Mai, Long Biên, Hà Đông... với địa chỉ phường mới sau sáp nhập, bảng giá cập nhật và đánh giá thực tế.;"<p>Bạn vừa mới biết đến pickleball và muốn tìm sân chơi gần nhà? Hay bạn đã chơi được vài tháng và đang muốn khám phá sân mới với chất lượng tốt hơn? Có lẽ bạn đã thử Google ""sân pickleball Hà Nội"" nhưng các bài viết bạn tìm được đều <strong>đã cũ</strong>, <strong>chưa update địa chỉ phường mới sau sáp nhập 2025</strong>, hoặc thiếu thông tin về <strong>giá thuê 2026</strong> đã thay đổi đáng kể.</p>

<p>Bài viết này sẽ giải quyết tất cả những vấn đề đó. Chúng tôi đã khảo sát hơn <strong>40 sân pickleball</strong> đang hoạt động tại Hà Nội đầu năm 2026, phân loại theo <strong>8 quận chính</strong>, kèm theo <strong>địa chỉ phường mới</strong>, <strong>bảng giá cập nhật</strong>, và <strong>đánh giá thực tế</strong> từ cộng đồng pickleball Việt. Cho dù bạn ở Cầu Giấy, Hoàng Mai, Long Biên hay Hà Đông — bài viết này sẽ giúp bạn tìm được sân phù hợp nhất.</p>

<p>Nếu bạn chưa biết pickleball là gì, hãy đọc trước bài <a href=""https://www.thepicklehub.net/vi/blog/pickleball-la-gi"">Pickleball là gì? Hướng dẫn A-Z 2026</a> để nắm các kiến thức cơ bản.</p>

<h2>Tổng quan sân Pickleball Hà Nội 2026</h2>

<h3>Số lượng sân tăng vọt</h3>

<p>Đầu năm 2024, Hà Nội chỉ có khoảng 20-30 sân pickleball, tập trung chủ yếu ở Cầu Giấy và Hai Bà Trưng. Đến đầu năm 2026, con số này đã vượt <strong>150 sân</strong> trên toàn thành phố — gấp 5 lần chỉ trong 24 tháng.</p>

<p>Sự bùng nổ này được thúc đẩy bởi 3 yếu tố:</p>
<ul>
  <li><strong>Cầu vượt cung</strong>: Người chơi pickleball tăng nhanh hơn tốc độ mở sân mới, đặc biệt từ giữa 2025</li>
  <li><strong>Đầu tư từ các nhà đầu tư cá nhân</strong>: Mở 1 cụm sân pickleball chỉ cần ~500 triệu đến 1 tỷ, ROI nhanh hơn nhiều môn thể thao khác</li>
  <li><strong>Các giải đấu lớn</strong>: PPA Tour Asia, các giải địa phương tạo ""hiệu ứng truyền thông"" lan tỏa</li>
</ul>

<p>Tuy nhiên, <strong>chất lượng giữa các sân chênh lệch rất lớn</strong>. Có sân là cụm 9 sân tiêu chuẩn quốc tế dùng cho thi đấu chuyên nghiệp; có sân chỉ là 2-3 sân tự cải tạo từ sân tennis cũ. Bài viết này tập trung vào những sân <strong>chất lượng tốt</strong> mà chúng tôi đã verify thông tin.</p>

<h3>Bảng giá thuê 2026 — Đã tăng so với 2024</h3>

<p>Một thực tế cần biết: <strong>giá thuê sân pickleball Hà Nội đã tăng 40-70%</strong> so với đầu năm 2024. Đây là số liệu được ghi nhận từ nhiều nguồn báo chí và cộng đồng người chơi đầu năm 2026.</p>

<p>Mức giá phổ biến hiện tại:</p>

<table>
  <thead>
    <tr>
      <th>Khung giờ</th>
      <th>Giá thuê 2026</th>
    </tr>
  </thead>
  <tbody>
    <tr>
      <td>Thấp điểm sáng (5-9h)</td>
      <td>100.000 - 150.000đ/giờ</td>
    </tr>
    <tr>
      <td>Trưa (11-15h)</td>
      <td>100.000 - 130.000đ/giờ</td>
    </tr>
    <tr>
      <td>Chiều (15-18h)</td>
      <td>150.000 - 200.000đ/giờ</td>
    </tr>
    <tr>
      <td><strong>Cao điểm tối (18-22h)</strong></td>
      <td><strong>200.000 - 300.000đ/giờ</strong></td>
    </tr>
    <tr>
      <td>Đêm khuya (22h+)</td>
      <td>100.000 - 150.000đ/giờ</td>
    </tr>
  </tbody>
</table>

<p>Một số sân ở khu vực trung tâm với cơ sở vật chất tốt đã chạm mức <strong>280.000 - 300.000đ/giờ</strong> vào giờ cao điểm. Điều này có nghĩa: 2 tiếng chơi vào buổi tối hết khoảng <strong>500.000 - 600.000đ tiền sân</strong>, chưa tính nước, gửi xe, dụng cụ.</p>

<p><strong>Mẹo</strong>: Nếu chơi theo nhóm 4 người, chi phí chia ra chỉ ~150k/người cho 2 tiếng — vẫn rẻ hơn nhiều môn thể thao khác như golf hay tennis.</p>

<h3>Lưu ý quan trọng về địa chỉ phường mới</h3>

<p>Năm 2025, Hà Nội thực hiện đợt sáp nhập phường lớn. Nhiều sân pickleball giờ có <strong>địa chỉ phường mới</strong> khác với địa chỉ cũ trên Google Maps hoặc bài review cũ. Trong bài này, chúng tôi cung cấp cả 2 địa chỉ (mới + cũ) để bạn dễ tìm.</p>

<h2>Top sân Pickleball quận Cầu Giấy</h2>

<p>Cầu Giấy là <strong>quận có nhiều sân pickleball chất lượng nhất Hà Nội</strong> đầu năm 2026, với hơn <strong>27 sân</strong> đang hoạt động. Đây cũng là quận đầu tiên có cụm sân tiêu chuẩn quốc tế.</p>

<h3>1. Cụm liên hợp sân Pickleball Cầu Giấy (Sân Trần Quý Kiên)</h3>
<ul>
  <li><strong>Địa chỉ mới</strong>: 35 Trần Quý Kiên, Phường Cầu Giấy, Hà Nội</li>
  <li><strong>Địa chỉ cũ</strong>: 35 Trần Quý Kiên, P. Dịch Vọng, Q. Cầu Giấy</li>
  <li><strong>Quy mô</strong>: Gần 30 sân</li>
  <li><strong>Giá thuê</strong>: 100.000 - 200.000đ/giờ tùy khung giờ</li>
  <li><strong>Giờ mở cửa</strong>: 5:00 - 24:00</li>
  <li><strong>Đặc điểm</strong>: Trực thuộc Trung tâm Văn hóa, Thông tin, Thể thao và Du lịch quận Cầu Giấy. <strong>Sân đầu tiên ở Hà Nội</strong> đạt tiêu chuẩn quốc tế cho thi đấu chuyên nghiệp. Có khán đài, được chọn tổ chức nhiều giải đấu lớn nhỏ.</li>
</ul>

<p>Đây là sân được khuyên cho <strong>người chơi muốn tập theo phong cách chuyên nghiệp</strong> hoặc tham gia các giải đấu giao hữu. Vào cuối tuần thường kín lịch, nên đặt trước 2-3 ngày.</p>

<h3>2. Stamina Pickleball</h3>
<ul>
  <li><strong>Địa chỉ</strong>: 75-79 Trương Công Giai, Phường Dịch Vọng Hậu, Cầu Giấy, Hà Nội</li>
  <li><strong>Quy mô</strong>: Sân trong nhà với không gian rộng, trần cao</li>
  <li><strong>Giá thuê</strong>: 150.000 - 200.000đ/giờ</li>
  <li><strong>Đặc điểm</strong>: Một trong số ít sân <strong>trong nhà</strong> ở khu vực Cầu Giấy. Có điều hòa, hệ thống chống chói. Phù hợp khi trời mưa hoặc nắng gắt.</li>
</ul>

<h3>3. Fun &amp; Fit Pickleball</h3>
<ul>
  <li><strong>Địa chỉ</strong>: 106 Hoàng Quốc Việt, Phường Nghĩa Đô, Cầu Giấy, Hà Nội</li>
  <li><strong>Quy mô</strong>: 6-9 sân ngoài trời có mái che di động</li>
  <li><strong>Giá thuê</strong>: 150.000 - 250.000đ/giờ</li>
  <li><strong>Giờ mở cửa</strong>: 24/7</li>
  <li><strong>Đặc điểm</strong>: Một trong những sân lớn nhất quận. Có dịch vụ thuê vợt, quầy nước, phòng thay đồ riêng nam/nữ, bãi đỗ xe ô tô.</li>
</ul>

<h3>4. Luxury Pickleball Club</h3>
<ul>
  <li><strong>Địa chỉ</strong>: 19 Trần Duy Hưng, Phường Trung Hòa, Cầu Giấy, Hà Nội</li>
  <li><strong>Quy mô</strong>: 4 sân ngoài trời có mái che di động</li>
  <li><strong>Giá thuê</strong>: 110.000 - 220.000đ/giờ</li>
  <li><strong>Đặc điểm</strong>: Mái che tự động giúp chơi được trong mọi điều kiện thời tiết. Vị trí thuận tiện gần ngã tư Trần Duy Hưng.</li>
</ul>

<h3>5. Thành Đạt Pickleball</h3>
<ul>
  <li><strong>Địa chỉ</strong>: 79 Trương Công Giai, Phường Dịch Vọng, Cầu Giấy</li>
  <li><strong>Quy mô</strong>: 8 sân ngoài trời tiêu chuẩn quốc tế</li>
  <li><strong>Giá thuê</strong>: 120.000 - 220.000đ/giờ</li>
  <li><strong>Đặc điểm</strong>: Mặt sân chống trượt, hệ thống đèn LED toàn sân. Phù hợp cho cả người mới và VĐV chuyên nghiệp.</li>
</ul>

<h2>Top sân Pickleball quận Hai Bà Trưng &amp; Đống Đa</h2>

<h3>1. Pickleball Bách Khoa</h3>
<ul>
  <li><strong>Địa chỉ</strong>: Nhà thi đấu Đại học Bách Khoa, 42 Tạ Quang Bửu, Phường Bách Khoa, Hai Bà Trưng, Hà Nội</li>
  <li><strong>Quy mô</strong>: 4-6 sân</li>
  <li><strong>Giá thuê</strong>: 120.000 - 200.000đ/giờ</li>
  <li><strong>Đặc điểm</strong>: <strong>Sân pickleball lâu đời nhất Hà Nội</strong> (mở từ 2023). Nằm trong khuôn viên trường ĐH Bách Khoa nên an ninh tốt, bãi đỗ xe rộng rãi, có nhà vệ sinh sạch sẽ. Là điểm hẹn quen thuộc của cộng đồng pickleball Hà Nội.</li>
</ul>

<p>Nếu bạn là người mới, đây là sân đáng đến đầu tiên vì có nhiều người chơi cùng trình độ và không khí thân thiện.</p>

<h3>2. Sân Pickleball Láng Hạ</h3>
<ul>
  <li><strong>Địa chỉ</strong>: 32 Ngõ Láng Trung, Láng Hạ, Đống Đa, Hà Nội</li>
  <li><strong>Quy mô</strong>: 8 sân pickleball trong nhà</li>
  <li><strong>Giá thuê</strong>: 130.000 - 200.000đ/giờ</li>
  <li><strong>Đặc điểm</strong>: Sân trong nhà lớn nhất khu vực Đống Đa, không lo thời tiết. Hệ thống đèn và sàn chuẩn.</li>
</ul>

<h2>Top sân Pickleball quận Hoàng Mai</h2>

<p>Hoàng Mai là quận có <strong>nhiều sân pickleball nhất</strong> Hà Nội với hơn 21 sân. Cộng đồng pickleball ở đây cũng rất sôi động.</p>

<h3>1. Etennis &amp; Pickleball Viet Hoàng Mai</h3>
<ul>
  <li><strong>Địa chỉ mới</strong>: 6 Kim Đồng, Phường Hoàng Mai, Hà Nội</li>
  <li><strong>Địa chỉ cũ</strong>: 6 Kim Đồng, P. Giáp Bát, Q. Hoàng Mai</li>
  <li><strong>Giá thuê</strong>: Sáng 80.000đ, tối 150.000đ</li>
  <li><strong>Đặc điểm</strong>: Một trong những sân <strong>giá tốt nhất</strong> Hà Nội. Phù hợp cho người chơi phong trào, sinh viên. Vị trí trung tâm Hoàng Mai, thu hút đông đảo khách từ Giáp Bát, Hoàng Văn Thụ.</li>
</ul>

<h3>2. NET Sports Pickleball Hoàng Mai</h3>
<ul>
  <li><strong>Địa chỉ mới</strong>: Khu X2A, số 48, Phố Hưng Thịnh, Phường Hoàng Mai, Hà Nội</li>
  <li><strong>Địa chỉ cũ</strong>: Khu X2A, số 48, Phố Hưng Thịnh, P. Yên Sở, Q. Hoàng Mai</li>
  <li><strong>Quy mô</strong>: 4 sân ngoài trời</li>
  <li><strong>Giá thuê</strong>: 160.000 - 190.000đ/giờ</li>
  <li><strong>Giờ mở cửa</strong>: 8:00 - 22:00</li>
  <li><strong>Đặc điểm</strong>: Sân ngoài trời rộng rãi, mặt sân được bảo dưỡng thường xuyên, đèn LED hiện đại.</li>
</ul>

<h3>3. Bunker Pickleball</h3>
<ul>
  <li><strong>Địa chỉ mới</strong>: Lô NT1, Phường Phương Liệt, Hà Nội</li>
  <li><strong>Địa chỉ cũ</strong>: Lô NT1, Khu Đô Thị mới Định Công, Q. Hoàng Mai</li>
  <li><strong>Quy mô</strong>: 2 sân</li>
  <li><strong>Giá thuê</strong>: 180.000 - 200.000đ/giờ</li>
  <li><strong>Đặc điểm</strong>: Mặt sân <strong>đạt chuẩn quốc tế</strong>, khu vực nghỉ ngơi có ghế và quạt máy.</li>
</ul>

<h2>Top sân Pickleball quận Long Biên</h2>

<p>Long Biên đang phát triển mạnh về pickleball, đặc biệt khu vực Bồ Đề và Long Biên trung tâm.</p>

<h3>1. Pro Pickleball VN (Phú Viên)</h3>
<ul>
  <li><strong>Địa chỉ</strong>: Số 128, Ngõ 1, Phố Phú Viên, Phường Bồ Đề, Long Biên, Hà Nội</li>
  <li><strong>Quy mô</strong>: 3 sân tiêu chuẩn</li>
  <li><strong>Giá thuê</strong>: 100.000 - 160.000đ/giờ tùy khung giờ</li>
  <li><strong>Giờ mở cửa</strong>: 5:00 - 24:00</li>
  <li><strong>Đặc điểm</strong>: Khuôn viên có nhiều cây xanh, không gian thoáng đãng. Thiết kế khoa học giúp người chơi di chuyển dễ dàng. Một trong những sân <strong>tốt nhất quận Long Biên</strong>.</li>
</ul>

<h3>2. Pickleball Số 1 Phú Viên</h3>
<ul>
  <li><strong>Địa chỉ</strong>: Số 128, Ngõ 1, Phú Viên, Phường Bồ Đề, Long Biên, Hà Nội</li>
  <li><strong>Quy mô</strong>: 3 sân</li>
  <li><strong>Đặc điểm</strong>: Sạch đẹp, độ hoàn thiện cao, <strong>giá hợp lý</strong> phù hợp với học sinh sinh viên. Có lưới kiên cố và đèn chiếu sáng 4 hướng.</li>
</ul>

<h2>Top sân Pickleball quận Hà Đông</h2>

<p>Hà Đông có <strong>14+ sân pickleball</strong> đang hoạt động, đa dạng từ ngoài trời đến trong nhà.</p>

<h3>1. Roger Pickleball Hà Đông</h3>
<ul>
  <li><strong>Địa chỉ</strong>: Tổng Tất Thắng, KĐT Văn Phú, Hà Đông, Hà Nội</li>
  <li><strong>Giờ mở cửa</strong>: 5:00 - 23:00</li>
  <li><strong>Hotline</strong>: 0989 592 468 / 0356 467 846</li>
  <li><strong>Đặc điểm</strong>: Một trong những sân chất lượng nhất khu vực Hà Đông. Khu vực Văn Phú có nhiều người chơi pickleball.</li>
</ul>

<h3>2. LK-Pro Pickleball</h3>
<ul>
  <li><strong>Địa chỉ</strong>: 20/TT27 Khu đô thị Văn Phú, Hà Đông, Hà Nội</li>
  <li><strong>Quy mô</strong>: 4 sân ngoài trời tiêu chuẩn quốc tế</li>
  <li><strong>Đặc điểm</strong>: Hệ thống đèn LED hiện đại, không gian rộng rãi.</li>
</ul>

<h3>3. Sân Pickleball Mê Linh Plaza Hà Đông</h3>
<ul>
  <li><strong>Địa chỉ</strong>: Tầng 4 TTTM Mê Linh Plaza Hà Đông, Hà Cầu, Hà Đông, Hà Nội</li>
  <li><strong>Giờ mở cửa</strong>: 5:00 - 24:00</li>
  <li><strong>Hotline</strong>: 0942 266 200</li>
  <li><strong>Đặc điểm</strong>: <strong>Sân trong nhà trên tầng 4 TTTM</strong> — đây là kiểu sân khá hiếm. Phù hợp khi muốn tránh nắng mưa hoàn toàn.</li>
</ul>

<h2>Top sân Pickleball quận Thanh Xuân</h2>

<h3>1. Sân Pickleball La Thành</h3>
<ul>
  <li><strong>Địa chỉ</strong>: Khu vực Thanh Xuân, Hà Nội</li>
  <li><strong>Đặc điểm</strong>: Có dịch vụ cho thuê vợt và bóng, có bãi đỗ xe rộng, có <strong>huấn luyện viên hướng dẫn</strong> cho người mới — điểm khá hiếm trong các sân Hà Nội.</li>
</ul>

<h3>2. Sân Pickleball Khuất Duy Tiến</h3>
<ul>
  <li><strong>Địa chỉ</strong>: Ngõ 164 Khuất Duy Tiến hoặc đi ngõ 187 Nguyễn Tuân, Thanh Xuân, Hà Nội</li>
  <li><strong>Quy mô</strong>: Cụm 4 sân</li>
  <li><strong>Đặc điểm</strong>: Bãi để xe rộng rãi, không gian xanh mát. Phù hợp người chơi muốn không gian yên tĩnh.</li>
</ul>

<h2>Top sân Pickleball các huyện ngoại thành</h2>

<h3>1. Pickleball Hoa Phượng (Hoài Đức)</h3>
<ul>
  <li><strong>Địa chỉ</strong>: Khu nhà ở Biệt Thự Hoa Phượng, Xã An Khánh, Huyện Hoài Đức, Hà Nội</li>
  <li><strong>Quy mô</strong>: <strong>9 sân pickleball</strong> — một trong những cụm lớn nhất ngoại thành</li>
  <li><strong>Đặc điểm</strong>: Nằm trong khu biệt thự sang trọng, không gian rộng và thoáng. Phù hợp người chơi ở khu vực phía Tây Hà Nội.</li>
</ul>

<h3>2. Sân Trung đoàn Pháo Phòng Không 218 (Hoài Đức)</h3>
<ul>
  <li><strong>Quy mô</strong>: Cụm 4 sân</li>
  <li><strong>Đặc điểm</strong>: Mặt sân chất lượng cao, <strong>ma sát rất tốt</strong>. Một trong những sân được dân chơi đánh giá cao về chất lượng mặt sân.</li>
</ul>

<h2>Cách chọn sân Pickleball phù hợp với bạn</h2>

<p>Với 150+ sân ở Hà Nội, làm sao chọn được sân phù hợp? Dưới đây là 5 tiêu chí quan trọng:</p>

<h3>1. Vị trí — Gần nhà hoặc nơi làm việc</h3>
<p>Đây là yếu tố quan trọng nhất. Một sân tốt mà cách nhà 30 phút sẽ khó duy trì thói quen chơi đều. Tốt nhất chọn sân <strong>trong vòng 15 phút</strong> từ nhà hoặc văn phòng.</p>

<h3>2. Trong nhà hay ngoài trời?</h3>

<p><strong>Ngoài trời</strong>:</p>
<ul>
  <li>✅ Rẻ hơn (thường 100-180k/giờ)</li>
  <li>✅ Không gian thoáng, không bí</li>
  <li>❌ Phụ thuộc thời tiết (mưa, nắng gắt khó chơi)</li>
  <li>❌ Bị ảnh hưởng gió, đặc biệt với bóng pickleball nhẹ</li>
</ul>

<p><strong>Trong nhà</strong>:</p>
<ul>
  <li>✅ Chơi được mọi thời tiết</li>
  <li>✅ Không có gió ảnh hưởng cú đánh</li>
  <li>✅ Thường có điều hòa</li>
  <li>❌ Đắt hơn (150-260k/giờ)</li>
  <li>❌ Có thể bí nếu thông gió kém</li>
</ul>

<h3>3. Chất lượng mặt sân</h3>
<p>Mặt sân tốt phải:</p>
<ul>
  <li>Phẳng mịn, không có vết nứt</li>
  <li>Có lớp sơn chống trượt</li>
  <li>Đường kẻ rõ ràng</li>
  <li>Lưới căng đều, chắc chắn</li>
</ul>

<p>Tránh sân tự cải tạo từ sân tennis cũ mà không sơn lại — bóng nảy không chuẩn, dễ trượt ngã.</p>

<h3>4. Tiện nghi đi kèm</h3>
<p>Cân nhắc các tiện nghi:</p>
<ul>
  <li>Phòng thay đồ riêng nam/nữ</li>
  <li>Nhà vệ sinh sạch</li>
  <li>Ghế ngồi nghỉ + quạt máy</li>
  <li>Thuê vợt/bóng (nếu chưa có)</li>
  <li>Quầy nước</li>
  <li>Bãi đỗ xe rộng</li>
</ul>

<h3>5. Cộng đồng và trình độ người chơi</h3>
<p>Mỗi sân thường có cộng đồng riêng với trình độ khác nhau. Sân ở Bách Khoa nhiều người mới + trung cấp; sân Cầu Giấy có nhiều người trình độ cao. Tham gia <a href=""https://www.thepicklehub.net/vi/forum"">diễn đàn ThePickleHub</a> để tìm hiểu trước khi đến sân mới.</p>

<h2>Mẹo tiết kiệm chi phí khi thuê sân Pickleball</h2>

<p>Với mức giá 200-300k/giờ vào giờ cao điểm, chi phí pickleball không hề ""bình dân"". Đây là 5 mẹo giúp bạn tiết kiệm:</p>

<p><strong>1. Chơi giờ thấp điểm</strong>: Sáng sớm (5-9h) hoặc trưa (11-15h) thường rẻ hơn 30-50% so với giờ cao điểm tối. Phù hợp với người làm việc tự do hoặc nghỉ trưa dài.</p>

<p><strong>2. Chia nhóm 4 người</strong>: Pickleball đôi cần 4 người. Chia chi phí 4 cách giúp giảm xuống chỉ ~50-75k/người cho 1 giờ chơi giờ cao điểm.</p>

<p><strong>3. Thuê theo tháng/gói</strong>: Nhiều sân có gói tháng giảm 10-30% so với thuê lẻ. Phù hợp người chơi đều 2-3 buổi/tuần.</p>

<p><strong>4. Chơi ở quận xa trung tâm</strong>: Sân ở Hoài Đức, Thanh Trì, Đông Anh thường rẻ hơn 30-40% so với sân ở Cầu Giấy hay Hai Bà Trưng. Nếu sống ở khu vực này, đừng cố vào trung tâm.</p>

<p><strong>5. Tham gia hội nhóm</strong>: Các group pickleball Hà Nội thường có ""sân đặt sẵn"" với giá tốt hơn. Tham gia <a href=""https://www.thepicklehub.net/vi/forum"">diễn đàn ThePickleHub</a> để tìm nhóm.</p>

<h2>Tìm sân không có trong danh sách?</h2>

<p>Hà Nội có hơn 150 sân pickleball, không thể list hết tất cả trong 1 bài viết. Nếu bạn biết sân hay mà chúng tôi chưa cập nhật, hãy chia sẻ trong <a href=""https://www.thepicklehub.net/vi/forum"">diễn đàn ThePickleHub</a> — chúng tôi sẽ verify và bổ sung vào bài viết tiếp theo.</p>

<p>ThePickleHub đang xây dựng <strong>Court Directory Vietnam</strong> — danh bạ sân pickleball toàn quốc với map view, filter theo quận, đánh giá thực tế từ cộng đồng. Sẽ ra mắt trong vài tuần tới.</p>

<h2>Sẵn sàng ra sân?</h2>

<p>Bây giờ bạn đã có danh sách sân pickleball Hà Nội đầy đủ và cập nhật nhất 2026. Việc còn lại chỉ là... chọn 1 sân và bắt đầu chơi!</p>

<p>Một vài điều cuối cùng:</p>
<ul>
  <li>📺 Theo dõi <a href=""https://www.thepicklehub.net/vi/livestream"">livestream pickleball</a> để học hỏi từ các trận đấu chuyên nghiệp</li>
  <li>🏆 Cập nhật <a href=""https://www.thepicklehub.net/vi/tournaments"">lịch giải đấu pickleball</a> tại Việt Nam và quốc tế</li>
  <li>🛠️ Dùng <a href=""https://www.thepicklehub.net/vi/tools"">công cụ tạo bracket pickleball</a> miễn phí khi tổ chức giải nhỏ với bạn bè</li>
  <li>💬 Tham gia <a href=""https://www.thepicklehub.net/vi/forum"">diễn đàn pickleball</a> để thảo luận và tìm bạn chơi</li>
</ul>

<p>Chúc bạn có những trận đấu thật vui trên các sân pickleball Hà Nội. <strong>Hẹn gặp bạn trên sân!</strong></p>";https://drive.google.com/file/d/1fEXdvab9BcKzuO5vkKCe3d-_3b1N3vvL/view?usp=sharing;ThePickleHub;local;"[""sân pickleball"",""hà nội"",""2026"",""địa chỉ"",""giá thuê"",""cầu giấy"",""hoàng mai"",""hà đông""]";sân pickleball hà nội;"[{""answer"":""A: Khu vực Hoàng Mai (sân Etennis Kim Đồng) và một số sân ở Hà Đông có giá từ 80.000đ/giờ vào giờ thấp điểm.\n"",""question"":""Q: Sân pickleball Hà Nội nào rẻ nhất?""},{""answer"":""A: Pickleball Bách Khoa và Cụm sân Cầu Giấy là 2 nơi tốt nhất cho người mới — nhiều người chơi cùng trình độ và không khí thân thiện."",""question"":""Q: Sân pickleball nào tốt cho người mới?""},{""answer"":""A: Có, đặc biệt giờ cao điểm tối (18-22h) và cuối tuần. Nên đặt trước ít nhất 1-2 ngày."",""question"":""Q: Có cần đặt sân pickleball trước không?""},{""answer"":""A: Sân ngoài trời thì không. Sân có mái che chơi được nếu mưa nhỏ. Chỉ sân trong nhà mới chơi được khi mưa to.\n"",""question"":""Q: Pickleball có chơi được khi trời mưa không?""}]";;;published;2026-04-08 04:53:48.66+00;2026-04-08 04:53:49.308636+00;2026-04-09 07:38:11.384602+00